{
    "installed":
    {
        "client_id":"211053894719-c5sc9ftjr0nd7tcpg9dqiof2tmuq9pj7.apps.googleusercontent.com",
        "project_id":"backup-python-434500",
        "auth_uri":"https://accounts.google.com/o/oauth2/auth",
        "token_uri":"https://oauth2.googleapis.com/token",
        "auth_provider_x509_cert_url":"https://www.googleapis.com/oauth2/v1/certs",
        "client_secret":"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",
        "redirect_uris":["http://localhost"]
        }
    }